Episode,Total Episodes,Train Score,Test Score,Prey Epsilon,Predator Epsilon
100,20000,-0.15930359550736103,-0.5138823408472883,0.9756219407489264,1.0
200,20000,-0.09061996819894974,0.11010679763326595,0.951533630262348,1.0
300,20000,-0.17350478746918413,-0.5449578779472136,0.9280400652174855,1.0
400,20000,-0.11043897910573552,-0.48489308124948843,0.9051265612245559,1.0
500,20000,-0.06982092876326472,0.13382984240894458,0.8827787964544402,1.0
600,20000,-0.10973862073875333,0.15235699789960228,0.8609828026869787,1.0
700,20000,-0.13965654055402316,0.1859769310397809,0.8397249565803155,1.0
