Episode,Avg length,Avg prey reward,Avg predator reward
20,0,-58.328849128941194,7.2804081617192695
40,0,-56.72688764533859,2.5837840004573485
60,0,-60.14270673967481,9.889873264868852
80,0,-58.90142614382391,3.596053090422223
100,0,-59.65254083015005,4.724052275475614
120,0,-59.07053723351405,5.239123117633713
140,0,-58.85777762947298,3.6088276565688147
160,0,-58.96678109223793,4.119751974753241
180,0,-59.32260959633051,4.225951086671046
200,0,-58.138962080005385,7.117150574504609
