Episode,Avg length,Total prey reward,Avg prey reward,Total predator reward,Avg predator reward
100,130,-1.91,-0.005370448164313708,-2.0,-0.010000000000000007
200,127,-2.09,-0.005414232676026576,-2.0,-0.010000000000000007
300,141,-0.94,-0.004446715653557387,-2.0,-0.010000000000000007
400,148,0.39,-0.0033323801993990487,-1.96,-0.009800000000000007
500,301,25.47,0.009917133210566526,-1.81,-0.009162306896282333
600,448,76.09,0.0376681012277319,-1.76,-0.00889654578540327
700,498,107.63,0.043175917806097,-1.76,-0.008915719063545158
800,494,86.95,0.03308143651193653,-1.77,-0.008882608695652182
900,506,99.81,0.029988298990367142,-1.77,-0.008942753623188414
