Episode,Avg length,Total prey reward,Avg prey reward,Total predator reward,Avg predator reward
100,166,0.17,0.0001582410522538293,0.0,0.0
200,147,0.11,0.00010453528472705274,0.01,3.3333333333333335e-05
300,198,0.29,0.00026263088308463344,0.01,3.3444816053511705e-05
400,256,0.38,0.00035652100442531254,0.03,8.310249307479225e-05
500,215,0.29,0.000273752299996366,0.01,3.289473684210526e-05
600,219,0.31,0.0002900314106383968,0.02,6.283185840707965e-05
700,324,0.73,0.0006693209295943946,0.0,0.0
800,369,1.12,0.0010165000185449991,0.05,0.00014863466857547873
