Episode,Avg length,Total prey reward,Avg prey reward,Total predator reward,Avg predator reward
500,103,-48.382,-0.09648827581210344,-19.602,-0.09798452257064155
1000,109,-45.018,-0.08933217281681574,-19.618,-0.09791207249886119
1500,115,-38.976,-0.07715453020953933,-18.686,-0.09298697725794673
2000,120,-34.166,-0.068000446656378,-18.114,-0.0889979107755383
2500,143,77.828,0.09071726230216526,-17.668,-0.08326135113248172
3000,147,148.932,0.18188662174787604,-11.844,-0.05851633336305531
