Episode,Avg length,Total prey reward,Avg prey reward,Total predator reward,Avg predator reward
100,102,-99.69,-0.09950244208193813,-39.87,-0.09967499999999982
200,103,-99.61,-0.0992680370554522,-40.0,-0.09999999999999981
300,105,-99.49,-0.09907998795701316,-40.0,-0.09999999999999981
