Episode,Avg length,Total prey reward,Avg prey reward,Total predator reward,Avg predator reward
100,170,-54.97,-0.07538058158457499,-16.41,-0.07871072430325361
200,155,-54.44,-0.07702597185604337,-15.44,-0.07542353173665439
