Episode,Avg length,Total prey reward,Avg prey reward,Total predator reward,Avg predator reward
100,122,-45.36,-0.0915576532782121,-19.55,-0.09724791154791138
200,177,-28.92,-0.06934930816072143,-18.7,-0.09309891904241234
300,175,-30.36,-0.07018940104398352,-18.15,-0.08997280962304025
400,188,-23.98,-0.06337123429072393,-18.29,-0.09015039868786752
500,340,146.71,0.021327840656638584,-19.37,-0.09233895557650008
