Episode,Avg length,Total prey reward,Avg prey reward,Total predator reward,Avg predator reward
1000,102,-3.4999281680351024,-0.03867574165585281,0.0,0.0
2000,101,-3.7176258813209926,-0.03981425134541264,0.0,0.0
3000,101,-3.733955974929304,-0.039915087942079375,0.0,0.0
4000,101,-3.8897515170328125,-0.041820512913437836,0.0,0.0
5000,101,-4.01144948310091,-0.042417110650809935,0.0,0.0
