Episode,Test_Return
0, 2.3086941242218018
10, 2.3086941242218018
20, 2.3086941242218018
30, 2.3086941242218018
40, 2.3086941242218018
50, 2.3086941242218018
60, 2.3086941242218018
70, 2.3086941242218018
80, 2.3086941242218018
90, 2.3086941242218018
100, 2.3086941242218018
110, 2.3086941242218018
120, 2.3086941242218018
130, 2.3086941242218018
140, 2.3086941242218018
150, 2.3086941242218018
160, 2.3086941242218018
170, 2.3086941242218018
180, 2.3086941242218018
190, 2.3086941242218018
